;
;"Cari ospiti, la Direzione e lo staff dell’Hotel vi ringraziamo per aver scelto la nostra struttura e vi diamo un
cordiale benvenuto. Vi preghiamo di leggere attentamente il regolamento e le norme comportamentali che ogni
ospite deve assumere nel rispetto di tutti e dell’ambiente. La nostra casa è la residenza di tanti ospiti che hanno
deciso di soggiornarvi; chiediamo pertanto di rispettarla e trattarla come fosse la propria dimora. Per una buona
convivenza vi chiediamo di osservare non solo le regole dettate dalla legge ma anche quelle semplicemente
dettate dal buon senso e dal reciproco rispetto. La vostra collaborazione è fondamentale per trascorrere tutti
un piacevole soggiorno, per la nostra struttura e lo staff che vi lavora e per l’ambiente in cui è inserito. £
Il presente Regolamento è parte integrante della prenotazione. Con la conferma ed accettazione della
prenotazione, avete avuto accesso al presente regolamento, disponibile in tutte le nostre email attraverso lo
specifico link e sul nostro sito web. Per tutto quanto non esplicitamente citato nel presente regolamento, si fa
riferimento alle normative vigenti, al buon gusto ed al buon senso di ciascuno nell'interesse di tutti.£
La mancata osservanza di uno o più punti del presente regolamento e delle norme in esso contenuto può portare
alla risoluzione del contratto con le relative conseguenze economiche e legali derivanti.£
La direzione dell’Hotel si riserva la facoltà di modificare il presente regolamento per ragioni di opportunità e
funzionamento dei servizi affiggendo le modifiche alla reception dell’Hotel e pubblicandole sul sito internet
dell’hotel.£
Il nostro personale è a completa disposizione degli ospiti per ogni necessità, al fine di rendere il vostro soggiorno
il più piacevole possibile.£

INDICAZIONI GENERALI: Il Regolamento della struttura ricettiva “Albergo Moderno” di Via Nazionale, 82 Sant'Antioco – 09017 (SU)
(Hotel) è istituito per garantire a tutti un uniforme, ordinato, sereno e pacifico utilizzo della stessa. Esso ha
natura contrattuale tra Hotel e l’Ospite e, pertanto, la richiesta di soggiornare in Hotel e l’accettazione di tale
richiesta da parte di Hotel implica l'accettazione totale del presente Regolamento.£
INDICAZIONI GENERALI: Tutti gli ospiti sono tenuti a rispettare il Regolamento Interno della Struttura Ricettiva, consultabile nella
reception dell’hotel, riportato sinteticamente nell’opuscolo illustrativo esposto nelle camere e per esteso nel
sito web www.hotel-moderno-sant-antioco.it£
INDICAZIONI GENERALI: L'inosservanza del Regolamento e delle ulteriori disposizioni della Direzione può comportare
l'allontanamento dalla Struttura del trasgressore e la relativa segnalazione del fatto a tutte le organizzazioni
turistiche nazionali ed internazionali, salvo segnalazione anche alle Pubbliche Autorità nel caso in cui
l'inosservanza possa eventualmente far supporre la commissione di un reato.£
INDICAZIONI GENERALI: Devono essere altresì rispettate tutte le indicazioni specifiche riportate nei cartelli posti nell’area di
proprietà e/o di pertinenza dell’Hotel£
INDICAZIONI GENERALI: I genitori (o chi ne esercita legalmente la potestà) sono solidalmente responsabili degli atti compiuti dai loro figli minori all’interno dell’ Hotel e sono tenuti a sorvegliarli e ad accertarsi che mantengano un
comportamento educato e rispettoso verso gli altri, sotto la propria diretta responsabilità e, in particolare, perand
quanto riguarda l’obbligo del rispetto al silenzio, del corretto uso dei bagni, e delle attrezzature messe a
disposizione dalla Struttura ai propri Ospiti. E' vietata qualunque attività che possa arrecare disturbo agli altri
Ospiti.£ Devono essere rispettate, in generale, tutte le norme del presente regolamento di contratto.£
INDICAZIONI GENERALI: La condotta tenuta tanto da maggiori di età, quanto da minori, è ritenuta contrattualmente rilevante e, pertanto, ogni trasgressione alle norme del presente regolamento e alle comuni regole di convivenza civile e di
buon andamento dell’Hotel comporterà, secondo il giudizio demandato contrattualmente in via inappellabile
alla Direzione, l’immediata risoluzione del contratto per fatto dell’Ospite e l’allontanamento dall’Hotel entro 5
ore dalla contestazione dei fatti. In tal caso la Direzione dell’Hotel è legittimata a trattenere le somme già
versate ed a esigere le somme residue, anche a titolo di risarcimento del danno, salvo il diritto al risarcimento
del maggior danno appurato.£
INDICAZIONI GENERALI: La Direzione, come previsto delle vigenti leggi della Repubblica Italiana, ha diritto di espellere senza
preavviso chiunque non rispetti il Regolamento o si comporti in modo da creare danno o disturbo.£
INDICAZIONI GENERALI: Il Personale incaricato dalla Direzione è tenuto a far rispettare il Regolamento nei confronti di chiunque.£
Ciascun Cliente nell’atto stesso di accettare l’ospitalità nell'Hotel accetta anche contrattualmente di
sottomettersi all’Autorità di detto personale, che è comunque obbligato a sua volta a rispettare sempre le
Leggi della Repubblica Italiana e i principi comunemente accettati dalla nostra cultura di cortesia e buona
educazione. Secondo la politica dell'hotel, tutti gli ospiti godono del diritto a un trattamento rispettoso e
dignitoso e, in quanto strutture di accoglienza responsabili, abbiamo l'obbligo di proteggere gli ospiti da
comportamenti inopportuni. Qualora le azioni di un ospite venissero giudicate inopportune da un membro del
personale, o qualora venisse segnalato un comportamento inappropriato, l'hotel si riserva il diritto di
intraprendere azioni nei confronti dell'ospite, dopo aver verificato tale situazione. A seconda della gravità
delle azioni degli ospiti, l'hotel può, a propria discrezione, richiedere l'intervento delle forze dell'ordine o
allontanare gli ospiti dalla struttura.£
DATI PERSONALI: Ai sensi dell’art. 13 del D.L. 30.06.2003 n. 196, tutti i dati personali dei nostri Clienti saranno trattati sia
mediante sistemi informatici sia manualmente, al fine di espletare obblighi fiscali (redigere fatture, registrare
dati ecc.) e fornire il servizio richiesto.£
DATI PERSONALI: Al momento dell'arrivo verrà richiesto ai clienti un documento di riconoscimento ai fini della comunicazione
della presenza agli organi di polizia competenti.£
PRENOTAZIONE:  Per informazioni è possibile contattare la reception e la Direzione dell’Hotel al telefono, via E-Mail o di
persona.£
PRENOTAZIONE: Le prenotazioni si possono effettuare attraverso il nostro sito web, inviando una richiesta scritta all'indirizzo
di posta elettronica albergomoderno@yahoo.it oppure telefonicamente.£
PRENOTAZIONE: Nella richiesta di prenotazione deve essere indicato il numero e tipo di stanze richieste, nome, cognome,
data di arrivo, data di partenza, numero di adulti e bambini, età dei bambini, recapito telefonico/e-mail per
comunicazioni e una carta di credito. Vi preghiamo di indicare anche l'orario stimato del vostro arrivo.£
PRENOTAZIONE: ACCONTO/CAPARRA. A conferma della prenotazione, salvo diversa indicazione, è richiesto il versamento di
caparra confirmatoria pari al 30% dell’importo dell’intero soggiorno e, a garanzia della prenotazione, carta di
credito che sarà verificata dall’Hotel con pre-autorizzazione dell’intero soggiorno. La Caparra deve riportare i
riferimenti della prenotazione. Nel caso di ritardato arrivo rispetto alla data indicata nella prenotazione il
cliente e tenuto a pagare l’importo complessivo dei servizi prenotati che gli sono stati riservati.£
PRENOTAZIONE: La prenotazione si ritiene valida anche con acconto (precedentemente concordato), purché in esso sia
specificato il periodo e la durata dell’alloggio, l’indirizzo e il numero di telefono del mittente e la sistemazione
(camera doppia, singola …).£
PRENOTAZIONE: Per la corresponsione della caparra o del saldo il metodo di pagamento viene concordato tra le parti
(bonifico bancario, carte di credito, altri metodi di pagamento).£
PRENOTAZIONE: Solo dopo aver ricevuto la richiesta di prenotazione con l'eventuale caparra e i dati di una carta di credito
valida, sarà comunicata la conferma dell'avvenuta prenotazione.£
PRENOTAZIONE: Le tariffe si intendono giornaliere (per notte) indipendentemente dall'ora di ingresso.£
PRENOTAZIONE: L'arrangiamento concordato al momento della prenotazione rimane valido per tutto il periodo di
permanenza:£
- BED & BREAKFAST (B&B)/Camera con Colazione: il pernottamento comprende la camera e la prima
colazione: i pasti effettuati saranno conteggiati extra. Il trattamento di B&B non comprende pasti, ad
eccezione della prima colazione, servita nella sala dell’Hotel, con esclusione delle bevande e di tutte le
consumazioni al bar e minibar/frigobar. I clienti non possono portare fuori del ristorante cibi o bevande.
L’albergatore non è tenuto a somministrare i pasti fuori degli orari e dei locali previsti.£
- HALF BOARD (HB)/ Mezza pensione: non è disponibile nella nostra struttura£
- FULL BOARD (FB)/ pensione completa: non è disponibile nella nostra struttura£

PRENOTAZIONE: Il prezzo del soggiorno comprende le Pulizie Mattiniere (negli orari prestabiliti)
m. Il prezzo del soggiorno NON comprende: eventuali pulizie extra, cambio biancheria oltre la frequenza
prevista, le bevande, le consumazioni al bar/minibar/frigobar, le consumazioni al ristorante, danni a persone o
cose e tutto quanto non espressamente indicato nell’offerta.
VARIAZIONI ALLA PRENOTAZIONE, CANCELLAZIONI:
 Nel caso che il cliente fosse impossibilitato ad occupare gli alloggi nel periodo prenotato a causa di difficoltà
con i mezzi di trasporto, errori o altre ragioni personali, non è normalmente previsto rimborso per partenze
anticipate o ritardi all’arrivo.
VARIAZIONI ALLA PRENOTAZIONE, CANCELLAZIONI:
 Preghiamo la gentile clientela di comprendere che il periodo prenotato sarà addebitato interamente anche
in caso di partenza anticipata: dovrà essere comunque corrisposto per intero l'importo del solo
pernottamento per le notti rimanenti.
VARIAZIONI ALLA PRENOTAZIONE, CANCELLAZIONI:
 I clienti che partono in anticipo sono tenuti a pagare la camera per i restanti giorni della prenotazione ai
sensi dell’art. 1385 -1386 cc
VARIAZIONI ALLA PRENOTAZIONE, CANCELLAZIONI:
 In caso di malintesi al momento della prenotazione, la direzione si impegna a provvedere, quando possibile,
a diversa sistemazione in camere o strutture equivalenti.
VARIAZIONI ALLA PRENOTAZIONE, CANCELLAZIONI:
 Per le disdette si addebita l’intero importo previsto per il soggiorno secondo le penali specificate al punto
successivo.
VARIAZIONI ALLA PRENOTAZIONE, CANCELLAZIONI:
 PENALI: Nel caso di disdetta del contratto/prenotazione da parte del cliente (comunicata per scritto via
email, con evidenza di accertamento di avvenuta ricezione e lettura da parte dell’Hotel), prima dell’arrivo si
applicano le seguenti clausole, in caso di annullamento o disdetta della prenotazione:
Dal 01/06 al 04/06 e dal 01/07 al 03/09:
✓ Il cliente può cancellare gratuitamente fino a 7 giorni prima dell'arrivo. Il cliente paga l'importo totale
della prenotazione se cancella nei 7 giorni prima dell'arrivo. Se il cliente non si presenta, dovrà pagare
l'importo totale della prenotazione.
Dal 04/09 al 30/09:and
✓ Il cliente può cancellare gratuitamente fino a 5 giorni prima dell'arrivo. Il cliente paga l'importo totale
della prenotazione se cancella nei 5 giorni prima dell'arrivo. Se il cliente non si presenta, dovrà pagare
l'importo totale della prenotazione.
Resto dell’anno:
✓ Il cliente può cancellare gratuitamente fino a 3 giorni prima dell'arrivo. Il cliente paga l'importo totale
della prenotazione se cancella nei 3 giorni prima dell'arrivo. Se il cliente non si presenta, dovrà pagare
l'importo totale della prenotazione.
In caso di partenza anticipata, sarà addebitato il costo della camera per tutti i giorni prenotati e non fruiti.
h. Fanno eccezione a queste regole le offerte speciali e particolari come le tariffe non rimborsabili, le prenota
prima e simili: in questi casi non è riconosciuto alcun rimborso:
✓ Il cliente paga l'importo totale della prenotazione se cancella in qualsiasi momento dopo la
prenotazione.
SALDO DEL SOGGIORNO, ALTRI ADDEBITI:
 Il saldo del soggiorno è dovuto all'arrivo e pagato al momento dell'arrivo (Check in), salvo diversi accordi
concordati tra le parti per scritto. L’eventuale garanzia prestata tramite carta di credito non esonera il cliente
dal pagamento. La pre-autorizzazione richiesta rimarrà valida e a garanzia per tutta la durata del soggiorno e
sarà stornata alla partenza dopo verifica della camera, della regolarità del soggiorno, nonché del saldo degli
extra e delle principali condizioni del regolamento, con eventuale addebito in caso di danneggiamenti, extra
documentati e contestati e/o partenza anticipata.
È possibile saldare in contanti per un importo massimo consentito dalla legge vigente oppure anche con carta
di credito. Attenzione, Travel Cheque e Assegni personali o circolari non sono accettati.
SALDO DEL SOGGIORNO, ALTRI ADDEBITI:
 PRE AUTORIZZAZIONE, ADDEBITO su CARTA di CREDITO: Per le condizioni di scongelamento della pre-
autorizzazione si prega di rivolgersi alla propria banca, l’Hotel non è responsabile di eventuali ritardi di
scongelamento della somma da parte degli Istituti di Credito competenti. Al cliente che ne fa richiesta sarà
rilasciata regolare ricevuta dell’operazione descritta.
SALDO DEL SOGGIORNO, ALTRI ADDEBITI:
 PRECONTO e VERIFICA: prima del saldo del conto è possibile richiedere la visione del conto e degli addebiti
per verifica. Eventuali errori o mancanze devono essere segnalati prima dell’emissione del conto.
SALDO DEL SOGGIORNO, ALTRI ADDEBITI:
 FATTURA: in caso necessitiate di fattura, siete pregati di segnalarlo tempestivamente (almeno 1 giorno
prima della partenza) fornendoci i dati dell'intestazione ed eventuali altre informazioni. In caso contrario
emetteremo semplice ricevuta e non sarà possibile il successivo annullamento.
SALDO DEL SOGGIORNO, ALTRI ADDEBITI:
 CONSUMI EXTRA: Al momento del Check out devono essere comunicate le consumazioni al
bar/minibar/frigobar e gli altri extra non ancora rilevati dal personale dell’hotel.
OSPITI NON DICHIARATI: Le eventuali persone ospitate nella stessa camera, ma non dichiarate al momento
della prenotazione o al momento dell’arrivo, verranno addebitate al titolare della prenotazione con tariffa
maggiorata del 40% sul prezzo giornaliero con facoltà da parte della direzione e della proprietà di denunciare
alle autorità di P.S. tutte le persone non autorizzate, trovate all’interno dell’hotel.
ADDEBITO PERDITA CHIAVI: La rottura della chiave, verrà conteggiata con un importo minimo di euro 5,00
per il duplicato. La perdita del portachiavi verrà conteggiato con un importo minimo di euro 20,00.
ADDEBITO DANNI: Gli ospiti rispondono e vengono chiamati a risarcire danni da loro causati o causati daand
persone o animali sotto la loro responsabilità. IN CASO DI BIANCHERIA MANCANTE, SAREMO COSTRETTI AD
ADDEBITARLA SUL CONTO
m. CAMBIO BIANCHERIA: se richiesto con frequenza maggiore rispetto a quanto indicato al punto CAMBIO
BIANCHERIA al punto ‘REGOLE di COMPORTAMENTO durante il SOGGIORNO’ verrà addebitato il
supplemento indicato nel listino prezzi.

ORARIO DI ARRIVO/CHECK IN/CONSEGNA CHIAVI/CONSEGNA CAMERE: Le chiavi in dotazione sono tre
(camera, portoncino ingresso e cassa forte) e saranno consegnate all’arrivo dopo l’aver esplicato le operazioni
di registrazione anagrafica di P.S. e saldo del conto. Gli ospiti, per la durata del soggiorno e per essere
indipendenti, possono tenerle con se. La consegna delle camere NON è prevista prima delle ore indicate al
punto ‘ORARI’, salvo diversi accordi. Eventuali arrivi successivi a questo orario devono essere segnalati alla
Reception al momento della prenotazione e concordati per accettazione dalla stessa. Se per cause di forza
maggiore, non sia possibile arrivare nei tempi previsti, è indispensabile avvertire l'Hotel.
Sé la camera fosse già pronta prima dell'orario di check-in verrà assegnata subito, altrimenti sarà possibile
lasciare il bagaglio presso di noi.
Qualora venga richiesta la disponibilità della camera in orari antecedenti gli orari stabiliti, la notte precedente
verrà considerata come primo pernottamento.
DOCUMENTI d IDENTITA’: ALL'ARRIVO I GENTILI OSPITI, DOVRANNO ESSERE PROVVISTI DI DOCUMENTI DI
RICONOSCIMENTO, COMPRESO I MINORI TASSATIVAMENTE
ACCETTAZIONE MINORI: Età minima per affittare una camera: 18 anni. I minori non accompagnati da
persone di maggiore età, verranno accettati solo se in possesso di liberatoria sottoscritta dai genitori (o da chi
ne esercita legalmente la potestà), con loro recapito telefonico di reperibilità e copia del loro documento.
REGISTRAZIONE di Pubblica Sicurezza: Al loro arrivo I clienti compresi i minori, sono tenuti a consegnare alla
reception i propri documenti. Tale documento verrà registrato al fine della Pubblica sicurezza. La non
osservanza di tale obbligo costituisce violazione di norme del Codice Penale da parte nostra nei confronti delle
Autorità di Pubblica Sicurezza In caso di mancata consegna siamo obbligati a segnalare l’omissione agli organi
competenti.
FORMALITA’ DI LEGGE da ASSOLVERE all’ARRIVO: l’ospite dovrà fornire, per disposizione nazionale, un
documento idoneo ad attestarne l’identità, sia questo carta di identità o passaporto per tutti gli occupanti, in
caso contrario l’esercente deve rifiutarne l’ospitalità (art.109 leggi P.S. come modificato dall’art.7 punto 2
della L.203/95).
SEGNALAZIONE OSPITI dei CLIENTI: eventuali ospiti di clienti soggiornanti in struttura, anche se temporanei,
dovranno essere concordati e segnalati al ricevimento e presentarsi con un documento d’identità. La presenza
all’interno della struttura dovrà essere autorizzata dalla direzione, avendo comunque accesso esclusivamente
al bar e altre aree comuni indicate ed in nessuna altra area della struttura.
N° PERSONE ALLOGGIATE: In nessun caso è permesso l'alloggio a persone eccedenti il numero fissato nella
prenotazione se non preventivamente concordato. Ci riserviamo il diritto di rifiutare l'ingresso all'alloggio se
tale condizione non viene osservata. Gli ospiti non possono ricevere visite di parenti, amici, ecc. se non
precedentemente concordato con la Direzione.
ASSEGNAZIONE CAMERA: La scelta e la designazione del posto, nella tipologia e categoria prenotata, è a
totale discrezione della Direzione dell’Hotel, salvo diversi espliciti accordi scritti.
PUNTO di ACCOGLIENZA: Il punto di accoglienza all’arrivo è presso la reception della struttura.
PERSONE OCCUPANTI LA CAMERA: Ciascun alloggio può essere occupato esclusivamente dal numero di
persone indicato per quella specifica unità abitativa salvo richiesta del cliente di aggiungere un altro letto,and
anche su proposta del personale della reception. TUTTI I nominativi degli occupanti devono essere forniti alla
reception.
PARCHEGGIO: Non sono garantiti posti auto, ma un ampio parcheggio pubblico, gratuito, è disponibile nelle
immediate vicinanze dell’hotel.
VERIFICA della CAMERA: Vi preghiamo di segnalare subito eventuali danni o disservizi e malfunzionamenti
che dovreste riscontrare nel prendere alloggio nella vostra camera. Eventuali danni riscontrati
successivamente verranno a voi imputati.
ESPULSIONE ed ALLONTANAMENTO: La Direzione, come previsto delle vigenti leggi della Repubblica
Italiana, ha diritto di espellere senza preavviso chiunque non rispetti il regolamento o si comporti in modo da
creare danno o disturbo.
RICONSEGNA CAMERE: la riconsegna delle camere e delle chiavi DEVE avvenire entro le ore indicate al
punto ‘ORARI’ salvo diversi accordi. Concordare, al momento della prenotazione, l'orario di partenza previsto.
Prolungamenti non autorizzati oltre tale orario verranno considerati come prolungamento del soggiorno e
addebitati.
PENALE per RITARDATA PARTENZA: Superate le ore indicate al punto ‘ORARI’, verrà addebitato al cliente il
costo totale della camera per un giorno intero o un supplemento da concordare con la Direzione.
ANTICIPATA PARTENZA: In caso d’anticipata partenza rispetto al periodo della prenotazione il cliente dovrà
pagare per intero la somma concordata al momento della prenotazione. Qualora, nel giorno della vostra di
PARTENZA/CHECK OUT prevedete di partire prima delle 8.00 am, preghiamo gentilmente di avvisarci il giorno
prima.
REGOLE di COMPORTAMENTO durante il SOGGIORNO: PULIZIA e DISPONIBILITA’ DELLA CAMERA: Il cliente ha diritto ad avere la camera a partire dalle ore di
ARRIVO/CHECK IN indicate al punto ‘ORARI’ del giorno pattuito (giorno di arrivo). Durante il periodo di
soggiorno la camera sarà a disposizione degli ospiti tranne per il tempo necessario per effettuare le pulizie
giornaliere entro le ore indicate al punto ‘ORARI’. Qualora il cliente non desideri il rifacimento della camera, o
non consenta l’ingresso al personale addetto alle pulizie, nell’orario indicato, perderà di fatto il diritto al
rifacimento giornaliero.
OSPITI ESTERNI non REGISTRATI: Non è permesso, per motivi di Pubblica Sicurezza, agli ospiti di far accedere
altre persone all’interno degli alloggi in qualsiasi orario. E’ vietato l’ingresso a persone esterne, le visite dei
familiari o amici, devono essere autorizzate dalla Direzione, inoltre il visitatore è tenuto a lasciare presso la
Direzione un documento d’identità che ritirerà all’uscita dell’Hotel. E' ASSOLUTAMENTE VIETATO FAR
PERNOTTARE IN STANZA PERSONE CHE NON SIANO STATE REGISTRATE DAL PERSONALE AUTORIZZATO.
ACCESSO del personale nelle CAMERE OCCUPATE: Qualora, oltre al normale accesso per le pulizie, per
motivi di manutenzione o altri motivi fosse necessario da parte del personale dell’albergo accedere ad una
camera occupata, oppure in caso di variazioni rilevanti sull’orario delle pulizie e dei servizi, l'Hotel si impegna
ad informare gli ospiti sulle eventuali necessità di ingresso da parte del personale in una camera occupata.
BIANCHERIA: è assolutamente vietato portare in spiaggia la biancheria dell’hotel ad uso esclusivo delle
stanze. In caso di biancheria mancante/macchiate/danneggiate, saremo costretti ad addebitarla sul conto.
LAVANDERIA: la consegna dei capi deve avvenire negli appositi sacchi e la riconsegna avverrà secondo
accordi di volta in volta poiché la struttura si rivolge a servizi esterni.
CAMBIO BIANCHERIA: Il cambio della biancheria è previsto ogni 3 giorni. Ogni cambio con frequenza
superiore verrà conteggiato come supplemento al costo indicato nel listino prezzi.and
COMPORTAMENTO: Si chiede ai gentili clienti di tenere un comportamento rispettoso all’interno della
struttura durante l’intero periodo del loro soggiorno.
COMPORTAMENTO: A qualunque ora, all'interno della struttura, devono essere evitati comportamenti, attività, giochi e uso di
apparecchiature che provochino disturbo agli altri ospiti.
COMPORTAMENTO: Gli adulti sono responsabili del comportamento dei minori a loro affidati.
COMPORTAMENTO: Deve essere sempre mantenuto un comportamento che in nessun momento della giornata ed in nessun
modo danneggi l'altrui tranquillità.
COMPORTAMENTO: Si prega di non sbattere le porte ma di accompagnarle, se si torna in camera tardi per favore chiudere la
porta del vostra camera con delicatezza per non disturbare chi già dorme.
USO DELLE CAMERE e DEI BAGNI: Le stanze sono arredate in maniera semplice. Anche se non di grande
valore, tali suppellettili meritano tutto il rispetto possibile.
USO DELLE CAMERE e DEI BAGNI: Eventuali danni arrecati a mobili, suppellettili o attrezzature saranno adeguatamente valutati con i titolari
dell'esercizio per il relativo rimborso.
USO DELLE CAMERE e DEI BAGNI: Le nostre camere hanno tutte il bagno privato in camera, quindi, bisogna evitare inutili sprechi.
USO DELLE CAMERE e DEI BAGNI: All'interno della camera da letto o del bagno troverete tutto ciò di cui avete bisogno: coperte, cuscini,
asciugamani, prodotti per l'igiene personale, etc. È vietato portare all'esterno qualsiasi cosa si trovi nelle
camere, nei bagni o comunque nei locali interni dell’hotel (es. telo doccia etc.).
USO DELLE CAMERE e DEI BAGNI: Durante il soggiorno le camere da letto e i bagni vengono puliti tutti i giorni entro le ore indicate al punto
‘ORARI’ pertanto preghiamo i nostri gentili ospiti di lasciare libere le stanze entro tale orario; diversamente, se
occupati in questo orario, la pulizia verrà effettuata il giorno seguente.
USO DELLE CAMERE e DEI BAGNI: Mantenere puliti ed in ordine tutti gli ambienti.
USO DELLE CAMERE e DEI BAGNI: Abbiate cura di spegnere la luce delle camere, i condizionatori e il televisore quando siete fuori dalla
camera/alloggio. Se accendete il condizionatore, DOVETE ASSICURARVI CHE LE FINESTRE SIANO CHIUSE.
USO DELLE CAMERE e DEI BAGNI: NON SIAMO RESPONSABILI IN ALCUN MODO DEGLI OGGETTI DI VOSTRA PROPRIETÀ LASCIATI INCUSTODITI
NELLE CAMERE pertanto siete pregati di non lasciare oggetti di valore incustoditi al loro interno. A vostra
disposizione, in ogni camera, è installata una cassetta di sicurezza, in cui potrete lasciare in custodia piccoli
oggetti o denaro.
USO DELLE CAMERE e DEI BAGNI: Non gettare nel WC sostanze diverse da quelle per il quale è stato concepito. Non intasare il WC con
pannolini, carta o altro materiale ingombrante. Utilizzare gli appositi cestini. I costi per un eventuale spurgo
saranno addebitati al Cliente.
USO DELLE CAMERE e DEI BAGNI: Vietato l'uso nelle camere dell'Hotel di strumenti musicali elettrici e/o elettronici diversi da quelli in
dotazione.
USO DELLE CAMERE e DEI BAGNI: AVVISI, REGOLE e DIVIETI: SILENZIO, ORDINE, CONTEGNO E COMPORTAMENTO ALL’INTERNO DELL'HOTEL E’
vietato all’interno dei locali: fumare, fare uso di sostanze stupefacenti, parlare ad alta voce, gridare, sbattere
porte o finestre, collegare all’impianto elettrico qualsivoglia elettrodomestico portato al seguito, (ad eccezione
del rasoio elettrico alle prese del bagno), permettere ai bambini di girovagare per i vari ambienti. Devono
essere altresì rispettate tutte le indicazioni specifiche riportate nei cartelli posti nell’area di proprietà e/o di
pertinenza dell’Hotel
USO DELLE CAMERE e DEI BAGNI: E’ vietato lanciare oggetti sia dai balconi delle camere che degli appartamenti
Musica e Radio: Non è consentito ascoltare la radio negli spazi comuni e/o aperti al pubblico se non
esclusivamente a mezzo degli appositi auricolari
Rumori molesti: E’ vietato usare zoccoli, radio ad alto volume e qualsiasi altro oggetto che possa arrecare
disturboand

ANIMALI: CANI GATTI L'Hotel accetta animali domestici di piccola taglia con supplemento, previa richiesta e conferma per scritto.
Per motivi igienici e per eventuali allergie da parte di altri clienti, gli animali sono ammessi solo in determinate
camere e solo in alcune aree. Per garantire un soggiorno confortevole a tutti gli ospiti e a tutti gli animali, siete
pregati di leggere le seguenti regole dell’albergo:
ANIMALI: CANI GATTI La presenza dell'animale deve essere comunicata alla prenotazione. Sono ammessi cani di dimensioni piccole
e medie.
ANIMALI: CANI GATTI La direzione si riserva di accettare l'animale a propria discrezione, e comunque, qualora non sia conforme a
quanto dichiarato dall'ospite.
ANIMALI: CANI GATTI Gli animali devono restare sempre al guinzaglio sia all'interno dell’Albergo sia nelle aree esterne di
pertinenza (veranda) e fermarsi nella hall il meno possibile.
ANIMALI: CANI GATTI Il cliente deve essere adeguatamente attrezzato per il benessere del proprio animale.
ANIMALI: CANI GATTI E proibito qualsiasi utilizzo della biancheria del letto e del bagno per l’animale (toelettatura, giacigli o altro).
ANIMALI: CANI GATTI E' assolutamente vietato far salire l'animale sui letti, poltrone, sedie, tavoli etc.
ANIMALI: CANI GATTI Il comportamento dell'animale deve essere gestito dal proprietario in modo da non disturbare gli altri ospiti.
ANIMALI: CANI GATTI  Un animale che reca disturbo ad uno qualsiasi dei clienti o ad altre persone nell’albergo dovrà, su richiesta,
essere calmato o allontanato.
ANIMALI: CANI GATTI E' assolutamente vietato lasciare da soli gli animali nelle stanze durante tutto il soggiorno (giorno e notte).
ANIMALI: CANI GATTI Fare attenzione alla presenza di altri animali.
ANIMALI: CANI GATTI Essere a norma con le vaccinazioni previste dalle leggi nazionali e regionali e con la marcatura obbligatoria
(medaglietta tatuaggio chip …)
ANIMALI: CANI GATTI I proprietari di animali da compagnia accettano la piena responsabilità per i danni che possono derivare dagli
animali. Sono a totale carico del cliente tutte le operazioni necessarie al ripristino dell’igiene ambientale nelle
camere occupate dall’animale. Qualora si dovessero riscontrare tracce (peli, escrementi o altro) sui letti o sulla
biancheria verrà addebitato al Cliente il valore del capo contaminato.
ANIMALI: CANI GATTI La direzione si riserva il diritto di recedere in qualsiasi momento e senza preavviso il contratto di Soggiorno
a chi non rispetti le indicazioni sopra indicate.
INTERNET POINT, WI FI, LAN: L’hotel offre ai propri clienti la possibilità di fruire di un servizio INTERNET POINT la cui postazione si trova
presso la reception. La fruizione del servizio è limitata ad un periodo massimo di 15 minuti, trascorso tale
periodo la postazione deve essere ceduta ad altro utente o lasciata libera per almeno 5 minuti al fine di
garantire la verifica di disponibilità da parte di altri clienti.
INTERNET POINT, WI FI, LAN: Tutte le aree e le camere dell’Hotel sono coperte da servizio Wi Fi il cui codice verrà fornito alla reception.
INTERNET POINT, WI FI, LAN: La RECEPTION non è tenuta a conoscere le modalità tecniche degli apparecchi elettronici e device dei clienti,
ne le modalità di utilizzo e impostazione.
INTERNET POINT, WI FI, LAN: L’Hotel non sarà considerato in nessun caso responsabile per l’utilizzo improprio fatto dall’ospite del
servizio di internet in relazione a situazioni che comportino, a titolo esemplificativo, rischi specifici per
l’incolumità delle persone e danni ambientali.

ORARI: Rispettate gli orari esposti per usufruire dei servizi (pulizia, ristorante, bar, ricevimento)
ORARI: ARRIVO/CHECK IN, la consegna delle camere/check in avviene dalle ore 13:00 (GMT+1) e verrà garantita
fino alla mezzanotte dello stesso giorno
ORARI: PARTENZA/CHECK OUT, le camere devono essere riconsegnate entro le ore 11:00 (GMT+1)and
ORARI: Si prega di comunicare con largo anticipo eventuali esigenze di orario differenti da quelle qui indicate
ORARI: SERVIZI: Si prega di attenersi agli orari esposti. La struttura non è obbligata ad erogare servizi al di fuori di
tali orari ne tanto meno a rimborsare servizi non usufruiti per negligenza o ritardo del cliente, compresi la
colazione, i pasti della cena, pulizia della camera
ORARI: RIPOSO e SILENZIO: Negli orari 13:00-16:00 e 00:30 - 08:30 è proibito qualsiasi rumore che possa disturbare
il riposo degli ospiti, compreso un tono di voce alto. L'uso della radio e della televisione è consentito con
estrema moderazione e, comunque, nell’assoluto rispetto dell’orario del silenzio. Fanno eccezione spettacoli e
manifestazioni autorizzati dalla direzione o attività svolte dalla animazione della struttura. L’Hotel non
risponde di eventuali rumori causati al di fuori della struttura (es. traffico stradale, feste e sagre del paese,
concerti ed altri eventi)
LUNCH PACKET: QUALORA VORRESTE SOSTITUIRE UN PASTO CON UN CESTINO DA VIAGGIO E' POSSIBILE
AVVISANDO LA RECEPTION IL GIORNO PRECEDENTE: avvisate la Reception del vostro desiderio di avere un
lunch packet e di eventuali cambiamenti almeno un giorno prima entro le ore 20:00
ORARI SERVIZI in ALBERGO: se non diversamente esposto sugli avvisi all’ingresso della zona ristorante e alla
reception:
- Colazione: 08:00 – 10:00 / Cena: 20-22:30 (periodo stagionale)
- Ricevimento portineria: 08:00 – 23:59
- PULIZIE GIORNALIERE: entro, e non oltre, le ore 12:30 (GMT+1)
AMBIENTE: Durante il vostro soggiorno cercate di salvaguardare l’ambiente naturale facendo un uso razionale
dell’acqua e dell’energia elettrica: evitate di lasciare rubinetti aperti o condizionatori e luci accese se non ne
avete bisogno o quando lasciate le vostre camere
AMBIENTE: Non gettate rifiuti nelle aree comuni e cercate di differenziare i vostri rifiuti così da poterli deporre
correttamente negli appositi contenitori. In caso di dubbi chiedete al ricevimento.
AMBIENTE: ACQUA: L’acqua è un bene prezioso per ogni comunità. E' fatto assoluto divieto di usare l'acqua per usi
impropri. L'utilizzo è consentito per soli usi primari (igiene personale). Gli ospiti della struttura avranno cura di
evitare ogni forma di spreco.

APPARECCHIATURE ELETTRICHE: La corrente dell’albergo è corrente alternata a 220 volt, verificate che i vostri apparecchi siano adatti a
questo tipo di corrente
APPARECCHIATURE ELETTRICHE: Le prese elettriche sono di tipo Italiano. Premunitevi di adattatori se i vostri apparecchi fossero dotati di
spine con sistema diverso
APPARECCHIATURE ELETTRICHE: L’albergatore non si assume la responsabilità di eventuali danneggiamenti alle apparecchiature dovute a
causa di forza maggiore (blackout improvvisi, sbalzi di tensione, ecc.)

COMPORTAMENTO, DANNI: Chi arreca danni all’edificio, ai beni mobili, alle attrezzature ecc. ne è ritenuto legalmente responsabile
nell’ambito delle normative vigenti. Furti e danneggiamenti intenzionali verranno immediatamente
denunciati. Al momento della partenza il personale della struttura effettua un controllo delle stanze ed i costi
di eventuali danni o la perdita di chiavi vengono addebitati e sono da versarsi al momento del check out
COMPORTAMENTO, DANNI: La direzione declina ogni responsabilità per eventuali infortuni a minori, i quali devono essere accompagnati
dai propri genitori e/o affidatari,and
COMPORTAMENTO, DANNI: Le visite o gli incontri privati o di affari sono permessi nei vani comuni dell’albergo, al bar, al ristorante e in
altre aree comuni, ma non è consentito ospitare nelle camere persone non segnalate e dichiarate al momento
della registrazione
COMPORTAMENTO, DANNI: Rispettate gli orari esposti per usufruire dei servizi
COMPORTAMENTO, DANNI: Rispettate gli orari della quiete pomeridiana e del riposo notturno
COMPORTAMENTO, DANNI: Vi preghiamo di usare con rispetto le camere, gli arredi, le attrezzature e l’inventario che vi sono messi a
disposizione
COMPORTAMENTO, DANNI: La perdita o rottura della chiave, verrà conteggiata con un importo minimo come indicato al punto ‘SALDO

DEL SOGGIORNO, ALTRI ADDEBITI’: Il cliente si impegna al rispetto dei locali e delle cose in esso contenute, eventuali danni arrecati
volontariamente alle strutture, ma attribuibili anche a imperizia o distrazione, saranno addebitati al costo del
ripristino.

FUMO, FUOCHI e FIAMME LIBERE:  vige il totale divieto di fumo, fuochi e fiamme, uso di fornelli/piastre ecc. in tutta la struttura, comprese le
camere. Ogni violazione sarà severamente punita.
FUMO, FUOCHI e FIAMME LIBERE: l'Hotel non è dotato di stanze per fumatori

PASTI, IGIENE e SICUREZZA: Per motivi di igiene e sicurezza NON è permesso preparare pasti nelle camere, tanto meno pasti o bevande
calde
PASTI, IGIENE e SICUREZZA: E' vietato introdurre cibi o portate preconfezionate (pizze, cibi da rosticceria ecc.) estranei all'albergo. Sono
naturalmente esclusi dalla presente norma snack, merendine, ecc.
PASTI, IGIENE e SICUREZZA: La colazione viene consumata nella sala colazione. È disponibile il servizio in camera al costo indicato nel
listino prezzi.
PASTI, IGIENE e SICUREZZA: Non è consentito agli ospiti dell’Hotel portare in luoghi diversi dalle apposite sale adibite al servizio (in
camera o all’esterno della struttura) alimenti e bevande destinati alla colazione
PASTI, IGIENE e SICUREZZA: Ai fini della sicurezza igienico-alimentare è vietato ai clienti introdurre in camera alimenti o bevande non
autorizzati dalla Direzione dell’Hotel

NUMERI UTILI: I numeri telefonici della guardia medica, del pronto intervento ed altri sono esposti alla Reception
NUMERI UTILI: Ogni malattia infettiva deve essere comunicata alla Direzione

RIFIUTI: Le immondizie devono essere raccolte negli appositi sacchetti di raccolta ubicati nelle camere e nei bagni
delle camere.
VALORI: Per la vostra sicurezza, vi chiediamo di non lasciare valori e oggetti incustoditi ma di riporli nelle apposite
casseforti presenti nelle camere
VALORI: Vi preghiamo di notificare e consegnare al ricevimento il ritrovamento o la perdita di cose
VALORI: Si prega inoltre, ogni qualvolta si esce dalla camera, di chiudere a chiave la porta e di controllare che le
finestre siano ben chiuse, onde evitare eventuali sottrazioni di valori dalle stanzeand
VALORI: LA DIREZIONE DECLINA OGNI RESPONSABILITA' PER I BENI NON CUSTODITI NELLE APPOSITE CASSETTE DI
SICUREZZA.

RESPONSABILITA’: La Direzione dell'Hotel non risponde dell'ammanco di oggetti e/o valori degli ospiti (ciascun Ospite è tenuto
alla diligenza della custodia degli oggetti di sua proprietà), di danneggiamenti conseguenti ad eventi di forza
maggiore e alla natura della cosa (eventi atmosferici, calamità naturali, epidemie, malattie, caduta di alberi o
rami o prodotti che rientrino nella natura delle piante, colpi di vento, incidenti al mare, danni o furti auto nella
zona parcheggio e nell'area della struttura). Per nessun motivo, all'atto della partenza verranno riconosciuti
sconti a copertura di eventuali o presunti disservizi che potranno verificarsi a seguito degli eventi sopra
descritti
b. L'hotel non dispone di un'area custodita per il deposito bagagli"
